{
  "config.base": [
    [
      0.919298245614035,
      0.7054093567251464,
      0.6602984734563682,
      0.6927318295739348
    ],
    [
      0.8385964912280702,
      0.8502392344497608,
      0.8181286549707603,
      0.6855111263006
    ],
    [
      0.7994152046783626,
      0.7327694235588973,
      0.6397243107769423,
      0.6826232247284879
    ]
  ],
  "config.variant_1": [
    [
      0.8666666666666666,
      0.7800125313283207,
      0.6667179311916154,
      0.677261335156072
    ],
    [
      0.8503189792663477,
      0.8070175438596493,
      0.7114035087719298,
      0.6609649122807018
    ],
    [
      0.8175438596491228,
      0.8020050125313284,
      0.6586466165413533,
      0.6960583276372749
    ]
  ],
  "config.variant_2": [
    [
      0.8879585326953748,
      0.7638357256778309,
      0.6855775803144224,
      0.6785144679881521
    ],
    [
      0.9005847953216374,
      0.8145933014354066,
      0.82046783625731,
      0.6722488038277511
    ],
    [
      0.7687400318979267,
      0.7255639097744362,
      0.6134085213032582,
      0.650375939849624
    ]
  ],
  "config.variant_3": [
    [
      0.8578947368421053,
      0.7891604010025062,
      0.6513670539986329,
      0.7544125465178096
    ],
    [
      0.830701754385965,
      0.7894736842105263,
      0.7384294068504594,
      0.7196172248803827
    ],
    [
      0.8150375939849623,
      0.7949874686716791,
      0.6500417710944026,
      0.720494417862839
    ]
  ]
}