{
  "config.base": [
    [
      0.6210582010582011,
      0.7940740740740739,
      0.6437037037037037,
      0.6355555555555555
    ],
    [
      0.7535042735042734,
      0.6814141414141414,
      0.6214141414141413,
      0.0
    ],
    [
      0.7999999999999999,
      0.7314478114478113,
      0.7871794871794872,
      0.6095238095238095
    ]
  ],
  "config.variant_1": [
    [
      0.5792592592592594,
      0.762962962962963,
      0.7957864357864358,
      0.6143434343434343
    ],
    [
      0.7157864357864357,
      0.6334369334369334,
      0.6325925925925926,
      0.0
    ],
    [
      0.8977777777777778,
      0.8407407407407407,
      0.7206397306397306,
      0.6671794871794872
    ]
  ],
  "config.variant_2": [
    [
      0.6318518518518519,
      0.8040404040404039,
      0.6395767195767197,
      0.7195286195286194
    ],
    [
      0.6505050505050505,
      0.6925252525252524,
      0.6598268398268399,
      0.43455840455840455
    ],
    [
      0.7732467532467532,
      0.6829629629629629,
      0.7661904761904761,
      0.5288888888888889
    ]
  ],
  "config.variant_3": [
    [
      0.7253198653198651,
      0.7865993265993265,
      0.7866666666666666,
      0.6498316498316499
    ],
    [
      0.6577777777777777,
      0.6757864357864357,
      0.6325925925925926,
      0.4178917378917379
    ],
    [
      0.8995959595959596,
      0.8555555555555555,
      0.7933333333333332,
      0.6366666666666666
    ]
  ]
}